,BPP,BCE,MFM
2,0.004142849,0.004024114,0.000182672
2.1,0.002870274,0.002741788,0.000381654
3,0.004103296,0.003896158,0.000145347
3.1,0.002862666,0.003316324,9.70E-12
