,BPP,BCE,MFM
2,0.003875987,0.004133149,0.000212462
2.1,0.002238416,0.002749391,0.000178648
3,0.004197824,0.003953863,0.000132542
3.1,0.003917923,0.003384887,2.69E-20
