,BPP,BCE,MFM
2,0.005245495,0.0042327,0.000109495
2.1,0.003010581,0.00280625,0.000204529
3,0.004513801,0.004054264,4.44E-05
3.1,0.002829683,0.003505374,3.32E-05
