"Estimate","Std. Error","z value","Pr(>|z|)"
"(Intercept)",-2.09676606328908,0.34216773335505,-6.12788950825287,8.90523904980472e-10
"ce",0.138671948385256,0.0400282218874313,3.46435444410282,0.000531505689520586
