"Estimate","Std. Error","z value","Pr(>|z|)"
"(Intercept)",-4.78311786165591,0.877275068530184,-5.45224415150622,4.97381027551927e-08
"lcom",-0.00160369850823802,0.000818434557308028,-1.95947066740786,0.0500576917922506
"ce",0.121709612317885,0.0380639676770113,3.19750198798618,0.00138623455837201
"loc",0.00205790260026499,0.000610816057111143,3.36910363816867,0.000754130674305422
"dam",1.40233086448638,0.865005576951428,1.62118129853991,0.104978762341319
