,BPP,BCE,MFM
3.2,0.000635713,0.001276259,0.000537315
4,0.000583969,0.000955176,0.00039545
4.1,0.000580207,0.000819672,0.000415067
4.2,0.000374102,0.00037558,0.000374102
