"Estimate","Std. Error","z value","Pr(>|z|)"
"(Intercept)",-3.19805886099456,0.433731728905202,-7.37335695746054,1.66384198736217e-13
"wmc",-0.0785456272796529,0.0430087177100548,-1.82627224111102,0.0678092643785857
"rfc",0.03197156795246,0.00863196273396182,3.70385843148629,0.000212344791389569
"npm",0.0661566793761763,0.0408877519789252,1.61800725582261,0.105661033980761
"dam",1.67152830643584,0.451468307934528,3.70242667549157,0.000213547088860852
"moa",0.158217909882366,0.0899927270712274,1.75811885061711,0.0787272889691914
