,BPP,BCE,MFM
3.2,0.001187782,0.001574783,0.000310809
4,0.000756065,0.001050344,0.000193582
4.1,0.001041216,0.000923405,0.000520321
4.2,0.000360222,0.00041858,0.000360222
