,BPP,BCE,MFM
3.2,0.000656041,0.001220818,0.000624778
4,0.000836336,0.000992762,0.000481298
4.1,0.000436252,0.000759139,0.000291873
4.2,0.000400505,0.000400505,0.000400505
